"File","Status","ExitCode","Log","FirstError"
"01_TABLE_Users.sql","PASS","0","reports\runtime-logs\01_TABLE_Users.log","CREATE TABLE"
"02_TABLE_Orders.sql","PASS","0","reports\runtime-logs\02_TABLE_Orders.log","CREATE TABLE"
"03_PROCEDURE_usp_insertuser.sql","PASS","0","reports\runtime-logs\03_PROCEDURE_usp_insertuser.log",""
"04_PROCEDURE_usp_dynamic.sql","PASS","0","reports\runtime-logs\04_PROCEDURE_usp_dynamic.log",""
"05_FUNCTION_fn_userlabel.sql","PASS","0","reports\runtime-logs\05_FUNCTION_fn_userlabel.log","psql:E:/pg_converter_ui/reports/runtime-sql/05_FUNCTION_fn_userlabel.sql:2: NOTICE:  function public.fn_userlabel(pg_catalog.varchar,pg_catalog.bool) does not exist, skipping"
"06_FUNCTION_fn_userorders.sql","PASS","0","reports\runtime-logs\06_FUNCTION_fn_userorders.log","psql:E:/pg_converter_ui/reports/runtime-sql/06_FUNCTION_fn_userorders.sql:2: NOTICE:  function public.fn_userorders(pg_catalog.int4) does not exist, skipping"
"07_INDEX_ix_users_name.sql","PASS","0","reports\runtime-logs\07_INDEX_ix_users_name.log","DO"
"08_INDEX_ux_users_guid.sql","PASS","0","reports\runtime-logs\08_INDEX_ux_users_guid.log","DO"
"09_INDEX_ix_orders_user_amount.sql","PASS","0","reports\runtime-logs\09_INDEX_ix_orders_user_amount.log","DO"
"10_INDEX_ix_users_active.sql","PASS","0","reports\runtime-logs\10_INDEX_ix_users_active.log","DO"
"11_INDEX_ix_orders_user_include.sql","PASS","0","reports\runtime-logs\11_INDEX_ix_orders_user_include.log","DO"
"12_INDEX_cx_users_tenant.sql","PASS","0","reports\runtime-logs\12_INDEX_cx_users_tenant.log","DO"
